,Name,Size,branch-instructions,branch-misses in %,L3-cache-misses,L3-cache-miss-rate in %,L3-cache-references,cpu-cycles,total-instructions,IPC,cpu-clock,page-faults,L1-data-cache-loads,L1-instruction-cache-load-misses,LLC-load-misses
0,blackscholes,simsmall,415947913.0,3.71,15277379.0,19.787,77210614.0,4714281682.0,2099716960.0,0.45,2027.21,137205.0,1035270285.0,34990062.0,14476811.0
1,blackscholes,simmedium,522198364.0,3.12,16658065.0,20.556,81036578.0,5870528964.0,2958723235.0,0.5,2520.15,137788.0,1362776470.0,35631113.0,16121216.0
2,blackscholes,simlarge,960224665.0,2.15,16812524.0,15.507,108417101.0,9686684567.0,6428071585.0,0.66,4140.36,138532.0,2625208191.0,37692352.0,15817449.0
3,blackscholes,simsmall,420291130.0,3.64,14727706.0,18.955,77698704.0,4531757864.0,2114131262.0,0.47,1954.27,136953.0,1042349442.0,33686335.0,14645448.0
4,blackscholes,simmedium,530820408.0,3.09,16516808.0,20.161,81923469.0,5675693993.0,3029148074.0,0.53,2439.52,137443.0,1385809742.0,35204365.0,16185720.0
5,blackscholes,simlarge,965878755.0,2.17,14880456.0,13.817,107699645.0,9856565811.0,6407039289.0,0.65,4213.27,138403.0,2606415589.0,37716624.0,14443145.0
6,blackscholes,simsmall,425026326.0,3.63,13086885.0,16.891,77479884.0,4471970869.0,2071123219.0,0.46,1925.49,137314.0,1041276414.0,34101864.0,11613256.0
7,blackscholes,simmedium,508880678.0,3.23,17184221.0,21.006,81807767.0,5671867222.0,3010276706.0,0.53,2430.9,137544.0,1375683599.0,36787180.0,16336253.0
8,blackscholes,simlarge,940051164.0,2.2,15905477.0,14.776,107643719.0,9362160566.0,6384650124.0,0.68,4004.03,138682.0,2591515288.0,36824870.0,14822573.0
9,blackscholes,simsmall,421061407.0,3.63,16427397.0,21.001,78221928.0,5122364372.0,2125352020.0,0.41,2203.03,137793.0,1047351376.0,37343821.0,16487464.0
10,blackscholes,simmedium,531723629.0,3.2,15701507.0,18.676,84073664.0,5573703957.0,3008180483.0,0.54,2390.07,137653.0,1365275900.0,35295067.0,15055612.0
11,blackscholes,simlarge,970272877.0,2.12,18139832.0,16.71,108559436.0,9701815616.0,6452410163.0,0.67,4148.17,138438.0,2624286136.0,38030302.0,16778492.0
12,blackscholes,simsmall,405765041.0,3.76,16151696.0,20.511,78748041.0,4548984160.0,2045514894.0,0.45,1958.58,137435.0,1027789073.0,34337903.0,15912921.0
13,blackscholes,simmedium,530984746.0,3.07,15967562.0,18.992,84074679.0,5531674693.0,2932577274.0,0.53,2373.36,137215.0,1336524517.0,34658497.0,15039576.0
14,blackscholes,simlarge,962411470.0,2.17,17470476.0,16.062,108768607.0,9525370102.0,6436079004.0,0.68,4060.83,138834.0,2591513117.0,36495014.0,16729653.0
15,blackscholes,simsmall,428645064.0,3.54,17315211.0,22.057,78501322.0,4581701369.0,2116297071.0,0.46,1973.29,137281.0,1063756186.0,33261333.0,15612377.0
16,blackscholes,simmedium,519104772.0,3.1,15233622.0,18.452,82556391.0,5772948100.0,2933699390.0,0.51,2472.19,137479.0,1339213024.0,34897696.0,14905947.0
17,blackscholes,simlarge,974603944.0,2.15,17490175.0,16.033,109086121.0,9819061659.0,6440361883.0,0.66,4202.42,138771.0,2626198153.0,37727442.0,15872328.0
18,blackscholes,simsmall,414488251.0,3.72,17399929.0,21.932,79336306.0,4751539432.0,2114069676.0,0.44,2044.79,136998.0,1058258840.0,35680491.0,16469078.0
19,blackscholes,simmedium,521235054.0,3.09,13344096.0,16.647,80158536.0,5475761514.0,2927422589.0,0.53,2346.58,137740.0,1352987796.0,35039935.0,12703870.0
20,blackscholes,simlarge,960764216.0,2.14,17504392.0,16.024,109239443.0,9710619130.0,6441472080.0,0.66,4148.32,138380.0,2607356634.0,37163294.0,16957041.0
21,blackscholes,simsmall,415573765.0,3.78,15412701.0,19.682,78309490.0,4880678791.0,2055401903.0,0.42,2100.44,137528.0,1030948277.0,36281737.0,14908280.0
22,blackscholes,simmedium,529628796.0,3.12,13123243.0,16.056,81732787.0,5540045315.0,2950702445.0,0.53,2379.02,137650.0,1346144918.0,35003580.0,12730165.0
23,blackscholes,simlarge,976328667.0,2.2,16881003.0,15.541,108625753.0,9685347184.0,6430739117.0,0.66,4153.9,138675.0,2623591315.0,37475158.0,17190676.0
24,blackscholes,simsmall,421657084.0,3.75,16564129.0,21.253,77938693.0,5144143145.0,2174363290.0,0.42,2217.4,137528.0,1084354361.0,36586716.0,15887485.0
25,blackscholes,simmedium,546780282.0,3.01,15732662.0,19.127,82251808.0,5916440814.0,2967087433.0,0.5,2534.97,137511.0,1364820254.0,36108093.0,15900970.0
26,blackscholes,simlarge,961097358.0,2.15,17496959.0,16.037,109100789.0,9852660968.0,6528689596.0,0.66,4217.31,138173.0,2631983680.0,37464046.0,16377520.0
27,blackscholes,simsmall,408604929.0,3.72,13994499.0,18.396,76073544.0,4444305959.0,2089963552.0,0.47,1901.34,137301.0,1033372985.0,34316227.0,14456494.0
28,blackscholes,simmedium,537485719.0,3.1,16735419.0,20.313,82386773.0,5670034261.0,2918857720.0,0.51,2438.63,137445.0,1348228048.0,35191556.0,16051251.0
29,blackscholes,simlarge,956255782.0,2.2,16320237.0,15.075,108263439.0,9678915414.0,6467369716.0,0.67,4146.05,138793.0,2630571381.0,37253318.0,15281045.0
30,blackscholes,simsmall,422700430.0,3.6,15725350.0,20.377,77172201.0,5013643082.0,2133604636.0,0.43,2154.33,137258.0,1069009167.0,35455747.0,15737031.0
31,blackscholes,simmedium,531287355.0,3.01,16194902.0,19.508,83015236.0,5903816019.0,2988834322.0,0.51,2524.6,137460.0,1370858751.0,34867315.0,15317562.0
32,blackscholes,simlarge,968356106.0,2.15,16640330.0,15.363,108312032.0,9958341641.0,6482173680.0,0.65,4269.96,138770.0,2620929263.0,39104950.0,16586547.0
33,blackscholes,simsmall,440117135.0,3.6,15977411.0,20.999,76085507.0,5105486392.0,2159792374.0,0.42,2205.38,136925.0,1083119440.0,35974240.0,15460528.0
34,blackscholes,simmedium,532297801.0,3.1,16290275.0,19.921,81773124.0,6048656548.0,2996196228.0,0.5,2595.26,137729.0,1370505380.0,36481809.0,15705266.0
35,blackscholes,simlarge,976250765.0,2.13,17552918.0,16.116,108917420.0,10075812829.0,6490978971.0,0.64,4303.26,138496.0,2636914355.0,36906459.0,17388162.0
36,blackscholes,simsmall,415463691.0,3.81,16078747.0,20.475,78528938.0,5124292802.0,2127767527.0,0.42,2198.84,137104.0,1052571565.0,36204297.0,15887765.0
37,blackscholes,simmedium,524059779.0,3.21,16609629.0,20.15,82428514.0,5990979807.0,3011403933.0,0.5,2573.32,137638.0,1374918961.0,36621395.0,16181084.0
38,blackscholes,simlarge,960154663.0,2.16,16705730.0,15.502,107762423.0,9821573828.0,6319615612.0,0.64,4186.2,138865.0,2582477084.0,37843863.0,16181569.0
39,blackscholes,simsmall,423503099.0,3.59,16130593.0,20.495,78706749.0,4918348139.0,2197698939.0,0.45,2108.32,137388.0,1097204278.0,34872073.0,15190860.0
40,blackscholes,simmedium,520605720.0,3.07,15938303.0,19.44,81986336.0,5689432803.0,2981058248.0,0.52,2454.08,137759.0,1357389942.0,35242101.0,15167296.0
41,blackscholes,simlarge,960476045.0,2.14,18011376.0,16.804,107186578.0,9558670136.0,6459773785.0,0.68,4085.56,138787.0,2626654939.0,38011004.0,16467081.0
42,blackscholes,simsmall,414380810.0,3.7,16597398.0,21.432,77441774.0,4970688710.0,2050787676.0,0.41,2139.45,137598.0,1034494916.0,35593501.0,16004023.0
43,blackscholes,simmedium,531696492.0,3.11,16408182.0,20.277,80919034.0,5761792086.0,2943682250.0,0.51,2470.56,137749.0,1349908970.0,35432657.0,15416819.0
44,blackscholes,simlarge,969607797.0,2.14,17029154.0,15.576,109331607.0,9703893874.0,6483551469.0,0.67,4153.28,138919.0,2634592452.0,37124660.0,15590709.0
45,bodytrack,simsmall,523499521.0,3.07,17429686.0,18.854,92444158.0,5755269160.0,2996046785.0,0.52,2468.34,140141.0,1317239556.0,36516047.0,16925702.0
46,bodytrack,simmedium,740036580.0,2.61,18742177.0,15.43,121464943.0,8187784362.0,5718725928.0,0.7,3505.72,141675.0,2092506821.0,39043195.0,17948290.0
47,bodytrack,simlarge,1663536268.0,1.81,21418555.0,9.27,231062676.0,16542120011.0,14814905164.0,0.9,7087.54,146457.0,4598950018.0,48154261.0,20866352.0
48,bodytrack,simsmall,499554640.0,3.24,17322674.0,19.367,89445641.0,5884163609.0,3008454100.0,0.51,2528.68,139753.0,1329285365.0,37425318.0,17116477.0
49,bodytrack,simmedium,750838278.0,2.59,19115976.0,15.494,123374005.0,8348806212.0,5503279068.0,0.66,3577.13,141954.0,2041606019.0,39712313.0,18270840.0
50,bodytrack,simlarge,1672408675.0,1.84,20810841.0,9.006,231089366.0,16753512936.0,14745285158.0,0.88,7149.26,146676.0,4583384712.0,48217944.0,20723408.0
51,bodytrack,simsmall,501724871.0,3.24,17280806.0,18.718,92320933.0,5682769610.0,3036954419.0,0.53,2441.91,139687.0,1327088086.0,37677944.0,17033263.0
52,bodytrack,simmedium,735202290.0,2.61,17879616.0,14.75,121216189.0,8203373960.0,5493495380.0,0.67,3514.11,141948.0,2041276870.0,40553835.0,17970449.0
53,bodytrack,simlarge,1663867425.0,1.84,21757528.0,9.373,232125464.0,16928510448.0,14976484641.0,0.88,7233.9,146112.0,4653338276.0,47380481.0,20961788.0
54,bodytrack,simsmall,512300553.0,3.12,17260627.0,19.346,89218710.0,5864300966.0,3002548563.0,0.51,2528.23,139931.0,1325498146.0,37310365.0,17188686.0
55,bodytrack,simmedium,752492884.0,2.59,19297583.0,15.813,122035406.0,8307026008.0,5545049803.0,0.67,3563.25,141953.0,2060722530.0,39810286.0,18712420.0
56,bodytrack,simlarge,1637176892.0,1.83,21467326.0,9.207,233158432.0,16938051201.0,14761155834.0,0.87,7218.69,146491.0,4580446876.0,47764483.0,20889479.0
57,bodytrack,simsmall,510547296.0,3.14,16810557.0,18.35,91612227.0,5741293994.0,2968802641.0,0.52,2462.64,139985.0,1314056368.0,36007659.0,15792520.0
58,bodytrack,simmedium,762333835.0,2.53,17872680.0,14.974,119361214.0,8074155823.0,5604715298.0,0.69,3459.98,141690.0,2078917216.0,38887187.0,17941245.0
59,bodytrack,simlarge,1657419328.0,1.82,21501023.0,9.284,231589982.0,16943821296.0,14788741917.0,0.87,7243.6,146452.0,4588999220.0,46956137.0,20516471.0
60,bodytrack,simsmall,501309036.0,3.19,16228299.0,18.229,89024377.0,5459335963.0,3038391105.0,0.56,2341.07,139949.0,1332314668.0,36525284.0,16008972.0
61,bodytrack,simmedium,742654176.0,2.6,17462551.0,14.605,119564923.0,8161465540.0,5595003146.0,0.69,3497.47,141564.0,2044913163.0,37655254.0,16938564.0
62,bodytrack,simlarge,1675878861.0,1.81,21632624.0,9.331,231828404.0,17206933358.0,14873944374.0,0.86,7338.29,146435.0,4602059599.0,48964375.0,21185448.0
63,bodytrack,simsmall,518516182.0,3.14,17604552.0,19.279,91313111.0,5808871728.0,2918545449.0,0.5,2501.2,140003.0,1308473305.0,37362401.0,16685453.0
64,bodytrack,simmedium,775144743.0,2.44,17833208.0,14.928,119461074.0,7832435769.0,5528627529.0,0.71,3348.11,142024.0,2031053652.0,37830932.0,16743785.0
65,bodytrack,simlarge,1637569590.0,1.83,21585821.0,9.308,231900049.0,16774747571.0,14820540876.0,0.88,7144.29,146401.0,4583965923.0,45693035.0,20593164.0
66,bodytrack,simsmall,592327913.0,2.77,15952340.0,17.886,89190445.0,5987372286.0,3205969387.0,0.54,2576.28,140040.0,1441282295.0,37454910.0,16179488.0
67,bodytrack,simmedium,743136594.0,2.58,18370819.0,15.216,120734833.0,8316851285.0,5533630607.0,0.67,3560.75,142229.0,2040285887.0,40346557.0,18091932.0
68,bodytrack,simlarge,1666245404.0,1.8,21325605.0,9.27,230055726.0,16961263479.0,14654967975.0,0.86,7241.19,144902.0,4576669418.0,47806560.0,21034450.0
69,bodytrack,simsmall,526250992.0,3.12,16790129.0,18.446,91024074.0,5920813108.0,2997053827.0,0.51,2546.4,140060.0,1330462365.0,37689995.0,15619062.0
70,bodytrack,simmedium,794511159.0,2.43,18268591.0,14.94,122276746.0,8414264512.0,5503563539.0,0.65,3608.78,141668.0,2036036362.0,39823479.0,17569065.0
71,bodytrack,simlarge,1649835885.0,1.82,21581858.0,9.408,229391863.0,17039894686.0,14789811809.0,0.87,7289.76,145289.0,4589446836.0,47933237.0,21284205.0
72,bodytrack,simsmall,507890585.0,3.2,17695454.0,19.428,91084230.0,5819941613.0,2994943519.0,0.51,2499.08,140002.0,1329018809.0,36934337.0,17069344.0
73,bodytrack,simmedium,745424597.0,2.58,16228717.0,13.659,118814702.0,7880157368.0,5667149871.0,0.72,3378.11,141959.0,2074003852.0,38222057.0,16333877.0
74,bodytrack,simlarge,1638659036.0,1.84,22219445.0,9.631,230701629.0,17090888465.0,14813858377.0,0.87,7291.12,146597.0,4595402047.0,47872298.0,21572201.0
75,bodytrack,simsmall,519955267.0,3.13,16999073.0,18.621,91290846.0,5875239825.0,3089410642.0,0.53,2525.82,140031.0,1348323492.0,37506746.0,16847630.0
76,bodytrack,simmedium,762131409.0,2.54,18131061.0,15.153,119655904.0,8194595944.0,5524250073.0,0.67,3522.22,141866.0,2043933309.0,39991722.0,17584828.0
77,bodytrack,simlarge,1647072493.0,1.86,21877687.0,9.43,232002102.0,17023341907.0,14842953996.0,0.87,7265.84,146415.0,4566581791.0,48051799.0,22471653.0
78,bodytrack,simsmall,505338673.0,3.27,17274133.0,19.386,89106373.0,5829150413.0,3015585921.0,0.52,2502.19,139980.0,1321096968.0,37049077.0,16773396.0
79,bodytrack,simmedium,751157328.0,2.51,17481681.0,14.775,118316148.0,7989015963.0,5494467173.0,0.69,3419.94,141922.0,2056714632.0,39647820.0,17166654.0
80,bodytrack,simlarge,1668619934.0,1.8,20609687.0,8.944,230439281.0,16394076923.0,14710163149.0,0.9,6993.7,146115.0,4586632491.0,47049595.0,20155333.0
81,bodytrack,simsmall,499304330.0,3.28,17599563.0,19.304,91171934.0,5681349408.0,3037833687.0,0.53,2452.15,139889.0,1320803163.0,36784798.0,17054482.0
82,bodytrack,simmedium,760326532.0,2.52,18284831.0,14.977,122083126.0,8163637985.0,5596445860.0,0.69,3504.49,141871.0,2105037113.0,39355687.0,16971582.0
83,bodytrack,simlarge,1660739325.0,1.81,21019460.0,9.049,232289882.0,16884553159.0,14627480890.0,0.87,7209.45,146474.0,4561231513.0,46355713.0,19856690.0
84,bodytrack,simsmall,511583693.0,3.2,16369858.0,18.133,90276141.0,5765707822.0,3014578528.0,0.52,2486.93,140021.0,1329801192.0,36445042.0,15392638.0
85,bodytrack,simmedium,765651235.0,2.49,18228573.0,15.238,119629202.0,8225832402.0,5652066822.0,0.69,3538.93,141593.0,2084040040.0,38681201.0,17235510.0
86,bodytrack,simlarge,1661818290.0,1.84,22303452.0,9.514,234428501.0,17280323933.0,14818705310.0,0.86,7377.36,146674.0,4614196870.0,49279088.0,22601274.0
87,bodytrack,simsmall,500914559.0,3.19,16746039.0,18.293,91545058.0,5975676072.0,2959903194.0,0.5,2562.77,140008.0,1296901298.0,36957730.0,16423567.0
88,bodytrack,simmedium,739601056.0,2.58,17556481.0,14.63,120000187.0,8121601009.0,5440206629.0,0.67,3519.02,141774.0,2022286107.0,40280175.0,17388000.0
89,bodytrack,simlarge,1646445996.0,1.84,20957377.0,9.1,230308796.0,16833041696.0,14718627108.0,0.87,7215.34,146279.0,4553705503.0,47127344.0,20406671.0
90,canneal,simsmall,794242996.0,4.56,35120821.0,22.201,158196045.0,12453181375.0,3603883261.0,0.29,5313.29,154446.0,1862693672.0,50941741.0,34370232.0
91,canneal,simmedium,1314435986.0,4.68,67533584.0,24.845,271814861.0,24657793420.0,6145188814.0,0.25,10501.5,230146.0,3192410474.0,70867159.0,64021561.0
92,canneal,simlarge,2282972768.0,4.6,134033106.0,27.091,494758198.0,48411906549.0,10647338706.0,0.22,20586.28,386072.0,5503436861.0,104417284.0,124131405.0
93,canneal,simsmall,782099001.0,4.37,35855233.0,22.832,157042359.0,12986581333.0,3643312249.0,0.28,5534.04,155162.0,1863146472.0,49858700.0,34498442.0
94,canneal,simmedium,1285435739.0,4.73,65789076.0,25.064,262487828.0,25051978015.0,5863460306.0,0.23,10662.57,213754.0,3048956428.0,81453024.0,62201924.0
95,canneal,simlarge,2237831820.0,4.91,128523378.0,26.973,476495212.0,46944786142.0,10299755268.0,0.22,19963.02,350018.0,5327891498.0,100924690.0,117556236.0
96,canneal,simsmall,772799913.0,4.66,34259615.0,22.427,152761646.0,10908576527.0,3605742009.0,0.33,4653.74,145592.0,1845933659.0,49958224.0,33887654.0
97,canneal,simmedium,1286109098.0,4.62,63614886.0,25.163,252812894.0,21730726030.0,5859247440.0,0.27,9248.63,195759.0,3052457784.0,63172191.0,59609394.0
98,canneal,simlarge,2282621906.0,4.88,133039718.0,26.849,495502248.0,49740811624.0,10530342516.0,0.21,21180.09,474639.0,5464255255.0,105511224.0,122142416.0
99,canneal,simsmall,787839321.0,4.42,35752439.0,22.51,158827491.0,12467170437.0,3655841957.0,0.29,5323.5,154162.0,1864089678.0,49549127.0,34737281.0
100,canneal,simmedium,1262580044.0,4.64,65223719.0,25.506,255720491.0,23302286294.0,5830149440.0,0.25,9915.32,198754.0,3017176066.0,64120518.0,61352097.0
101,canneal,simlarge,2230566726.0,4.9,129901771.0,27.224,477154228.0,46103821350.0,10282183324.0,0.22,19625.53,357470.0,5306968804.0,97466758.0,119945042.0
102,canneal,simsmall,795436974.0,4.38,35827277.0,22.694,157870926.0,12342788232.0,3688848196.0,0.3,5268.12,153947.0,1892717105.0,50843192.0,34630491.0
103,canneal,simmedium,1245191834.0,4.88,61760108.0,24.603,251028809.0,22263909323.0,5821249551.0,0.26,9488.39,196534.0,3022163792.0,64662319.0,59750955.0
104,canneal,simlarge,2224843429.0,4.73,128074173.0,26.877,476511786.0,47118980963.0,10361462622.0,0.22,20056.38,361274.0,5336490510.0,104599755.0,118763659.0
105,canneal,simsmall,813088844.0,4.49,36993250.0,23.6,156753500.0,13338082556.0,3737632941.0,0.28,5692.01,153962.0,1910018610.0,50332256.0,34970248.0
106,canneal,simmedium,1270876830.0,4.7,65728996.0,25.661,256147577.0,23074718435.0,5906647633.0,0.26,9838.33,196943.0,3052592210.0,66735089.0,62138635.0
107,canneal,simlarge,2236668942.0,4.93,129571042.0,26.8,483476583.0,49673361791.0,10251905079.0,0.21,21176.8,356879.0,5311961825.0,101262655.0,119970256.0
108,canneal,simsmall,798186892.0,4.36,32803335.0,21.176,154909332.0,11396982876.0,3620662787.0,0.32,4885.69,146495.0,1840364440.0,49009249.0,31749360.0
109,canneal,simmedium,1255994883.0,4.8,66041013.0,25.438,259615314.0,24336252904.0,5927516336.0,0.24,10369.9,181440.0,3066108028.0,65211234.0,62124314.0
110,canneal,simlarge,2221098457.0,5.0,126954411.0,26.639,476566901.0,46511862374.0,10308100334.0,0.22,19852.11,392661.0,5301538769.0,121829552.0,116491900.0
111,canneal,simsmall,798859837.0,4.47,34754175.0,22.767,152652759.0,12118945522.0,3663939977.0,0.3,5171.29,145752.0,1881208194.0,48390635.0,33694752.0
112,canneal,simmedium,1283936030.0,4.65,64853284.0,25.354,255795053.0,23968710227.0,5775646041.0,0.24,10194.31,195916.0,3002483633.0,66040033.0,61737085.0
113,canneal,simlarge,2190084991.0,4.83,124781270.0,26.616,468819911.0,46227912394.0,10153032143.0,0.22,19653.77,324434.0,5227209473.0,95980234.0,115709154.0
114,canneal,simsmall,807526748.0,4.3,35367726.0,22.726,155626826.0,11927696798.0,3582080534.0,0.3,5095.74,153723.0,1844653467.0,49107732.0,34072233.0
115,canneal,simmedium,1288409631.0,4.69,66751391.0,25.219,264689822.0,24996166664.0,5875082674.0,0.24,10645.56,229487.0,3057735364.0,70134875.0,63342940.0
116,canneal,simlarge,2263803110.0,4.86,126399736.0,26.753,472476849.0,47789489384.0,10432397563.0,0.22,20313.27,385144.0,5391855024.0,101141023.0,116855399.0
117,canneal,simsmall,785156913.0,4.56,34601462.0,22.886,151187556.0,11890740712.0,3626812150.0,0.31,5073.26,153750.0,1868835110.0,48361799.0,34175202.0
118,canneal,simmedium,1287272074.0,4.72,67460409.0,25.524,264297732.0,22613372968.0,5937330195.0,0.26,9686.76,198355.0,3079424554.0,67326771.0,63981382.0
119,canneal,simlarge,2322744844.0,4.83,137063670.0,26.036,526446034.0,52912509911.0,10854984311.0,0.21,22488.26,531274.0,5646320905.0,113976928.0,126247231.0
120,canneal,simsmall,798875703.0,4.4,36452718.0,22.756,160189455.0,12986871758.0,3695999330.0,0.28,5537.96,154768.0,1883076875.0,49970426.0,35272016.0
121,canneal,simmedium,1300984120.0,4.47,68858023.0,25.644,268518041.0,25571711676.0,5972144040.0,0.23,10871.87,229017.0,3106276196.0,71044427.0,65622730.0
122,canneal,simlarge,2356396081.0,4.55,142264221.0,27.115,524666367.0,51744240915.0,10925000586.0,0.21,22042.13,441887.0,5656243577.0,112431169.0,131468631.0
123,canneal,simsmall,794656713.0,4.51,35074622.0,22.689,154585720.0,12013989311.0,3689369264.0,0.31,5130.38,154640.0,1885941440.0,48910409.0,33475261.0
124,canneal,simmedium,1256027655.0,4.75,65966499.0,25.543,258257893.0,24168699898.0,5889253498.0,0.24,10290.97,198273.0,3043341060.0,66887600.0,63140907.0
125,canneal,simlarge,2292396270.0,4.82,133634038.0,27.286,489753143.0,49113333988.0,10533698283.0,0.21,20932.78,396969.0,5450617276.0,106280040.0,123451025.0
126,canneal,simsmall,790517870.0,4.49,35773708.0,22.532,158766652.0,12949634722.0,3696009798.0,0.29,5548.42,155186.0,1871780345.0,52058309.0,34362244.0
127,canneal,simmedium,1264200305.0,4.59,65002019.0,24.84,261684650.0,24499154479.0,5966816447.0,0.24,10445.1,229858.0,3073378347.0,71325955.0,62022258.0
128,canneal,simlarge,2417441413.0,4.36,131019780.0,26.877,487485601.0,51281888303.0,10924742307.0,0.21,21817.91,422478.0,5651765705.0,100550726.0,120566247.0
129,canneal,simsmall,900178842.0,4.01,35718074.0,23.413,152553674.0,12456165233.0,3892928527.0,0.31,5318.7,154110.0,2019328582.0,48044493.0,34110960.0
130,canneal,simmedium,1310395849.0,4.42,63577978.0,24.196,262762259.0,23654035322.0,6018601129.0,0.25,10071.91,196816.0,3120081596.0,66145802.0,60975644.0
131,canneal,simlarge,2231898713.0,4.76,130130119.0,26.945,482947766.0,46510805567.0,10301017296.0,0.22,19752.81,360917.0,5324747400.0,99586958.0,120238182.0
132,canneal,simsmall,796164682.0,4.61,34899292.0,21.896,159389078.0,12428781657.0,3629503759.0,0.29,5311.1,154067.0,1867536432.0,54365982.0,33752367.0
133,canneal,simmedium,1282401615.0,4.7,63357905.0,24.414,259512740.0,22547889975.0,5824831422.0,0.26,9610.35,181598.0,3034903193.0,66366833.0,59911640.0
134,canneal,simlarge,2204443888.0,4.71,120949456.0,26.789,451493616.0,41448702552.0,10133419478.0,0.24,17597.22,325946.0,5220970410.0,95969575.0,112799643.0
135,facesim,simsmall,2583413613.0,3.34,55352636.0,10.856,509902679.0,31707915297.0,30363236185.0,0.96,13491.76,212276.0,13835012836.0,109800766.0,54780588.0
136,facesim,simmedium,2622850616.0,3.29,54872556.0,10.701,512759244.0,31091276022.0,30702443043.0,0.99,13279.56,205182.0,13949981723.0,109055852.0,52662697.0
137,facesim,simlarge,2610988160.0,3.3,56319263.0,10.893,517013232.0,31943892618.0,30353720981.0,0.95,13609.76,226418.0,13895917184.0,114356474.0,54767074.0
138,facesim,simsmall,2601386475.0,3.38,53230957.0,10.428,510439835.0,30828999910.0,30151308023.0,0.98,13143.08,211944.0,13794604785.0,112037934.0,51637581.0
139,facesim,simmedium,2585611606.0,3.33,54155191.0,10.716,505372750.0,31051702463.0,30260705037.0,0.97,13242.44,208082.0,13813035705.0,108173834.0,52859506.0
140,facesim,simlarge,2597251018.0,3.34,55011536.0,10.902,504621597.0,32388795937.0,30297332387.0,0.94,13783.92,204415.0,13799478140.0,107961071.0,53912434.0
141,facesim,simsmall,2645863595.0,3.26,58205630.0,11.064,526062679.0,32469513744.0,30661680507.0,0.94,13902.18,266933.0,14046798070.0,113866367.0,57026537.0
142,facesim,simmedium,2588189472.0,3.37,51398157.0,9.954,516378740.0,31108418146.0,30044715957.0,0.97,13298.59,203982.0,13718263614.0,109565551.0,51161695.0
143,facesim,simlarge,2611016529.0,3.33,59968820.0,11.537,519779876.0,34293731689.0,30340922326.0,0.88,14616.19,230510.0,13917747607.0,117222541.0,58239729.0
144,facesim,simsmall,2574140981.0,3.34,51553752.0,10.385,496431376.0,31181501018.0,29960744996.0,0.96,13336.18,209562.0,13707655038.0,108489073.0,50899168.0
145,facesim,simmedium,2747698779.0,3.16,54464249.0,10.336,526938881.0,32592991146.0,30549005691.0,0.94,13893.58,264930.0,14043320751.0,118629696.0,52129276.0
146,facesim,simlarge,2669043929.0,3.24,54615764.0,10.628,513870845.0,31344448813.0,30344236868.0,0.97,13380.41,204769.0,13866254564.0,112739245.0,53125711.0
147,facesim,simsmall,2580458364.0,3.33,52195710.0,10.403,501732552.0,34343083913.0,30175414284.0,0.88,14623.68,204094.0,13798569757.0,107877258.0,50622275.0
148,facesim,simmedium,2631346598.0,3.33,53415375.0,10.192,524091066.0,33147502292.0,30513264982.0,0.92,14107.71,280810.0,13934470513.0,116073457.0,52259186.0
149,facesim,simlarge,2627509293.0,3.3,51339548.0,9.957,515600699.0,32402584592.0,30537892087.0,0.94,13795.42,354789.0,13928668513.0,114134573.0,49813106.0
150,facesim,simsmall,2629240610.0,3.31,56135923.0,10.856,517116101.0,32717646050.0,30502856059.0,0.93,13969.54,258715.0,14002405959.0,112817476.0,53898634.0
151,facesim,simmedium,2653387244.0,3.3,52285884.0,9.879,529261704.0,32358653264.0,30466943224.0,0.94,13819.99,356783.0,13946806398.0,113855240.0,50477842.0
152,facesim,simlarge,2621625270.0,3.31,59249873.0,11.325,523187987.0,34177275443.0,30255451565.0,0.89,14589.92,232023.0,13897303634.0,113003450.0,58813224.0
153,facesim,simsmall,2653467539.0,3.26,54680368.0,10.311,530326961.0,32174711374.0,30546762779.0,0.95,13736.05,277386.0,13977945959.0,115994061.0,52588525.0
154,facesim,simmedium,2693537008.0,3.24,57282079.0,10.669,536902503.0,35617991970.0,30826030935.0,0.87,15185.2,345113.0,14122895691.0,117813011.0,56178002.0
155,facesim,simlarge,2652268542.0,3.24,53444804.0,10.051,531710114.0,31343408266.0,30399235570.0,0.97,13366.89,277802.0,13957744085.0,116719977.0,52476489.0
156,facesim,simsmall,2602665191.0,3.35,51385287.0,10.069,510345634.0,31846642936.0,30398571304.0,0.95,13580.55,254776.0,13873812140.0,113190599.0,48679725.0
157,facesim,simmedium,2572294885.0,3.36,49053687.0,9.88,496512976.0,29740385676.0,30082478188.0,1.01,12674.25,204109.0,13713979412.0,108407073.0,46694623.0
158,facesim,simlarge,2633005884.0,3.26,51245863.0,9.817,521986948.0,30278519093.0,30547854832.0,1.01,12879.56,321836.0,13943646303.0,108063198.0,48194570.0
159,facesim,simsmall,2625475250.0,3.29,51217879.0,10.049,509685888.0,31027051192.0,30406212669.0,0.98,13205.1,320409.0,13931293706.0,113355018.0,49086493.0
160,facesim,simmedium,2619121622.0,3.32,53764222.0,10.296,522204339.0,34057413714.0,30430473181.0,0.89,14509.15,264203.0,13947127732.0,120625571.0,50908623.0
161,facesim,simlarge,2637398506.0,3.34,59721710.0,11.355,525966493.0,34107135194.0,30381905455.0,0.89,14627.69,248570.0,13960186718.0,120363005.0,59323645.0
162,facesim,simsmall,2618526080.0,3.27,58420364.0,11.205,521388540.0,34828274907.0,30237261022.0,0.87,14829.5,229529.0,13921027939.0,115270220.0,58455444.0
163,facesim,simmedium,2598059865.0,3.35,54588424.0,10.756,507530278.0,33261127363.0,30319727416.0,0.91,14166.85,209310.0,13852019921.0,113251899.0,52080227.0
164,facesim,simlarge,2562816754.0,3.36,48775183.0,9.866,494364916.0,29275673690.0,30241634611.0,1.03,12443.07,207736.0,13767599335.0,106266196.0,46728406.0
165,facesim,simsmall,2566658992.0,3.42,48876151.0,9.836,496907491.0,30472608532.0,30232539192.0,0.99,12965.45,205515.0,13796520408.0,107325772.0,49159108.0
166,facesim,simmedium,2590875210.0,3.3,52576193.0,10.409,505084817.0,32136253565.0,30330014203.0,0.94,13698.54,207317.0,13891035619.0,111464636.0,51668276.0
167,facesim,simlarge,2687807520.0,3.25,58685673.0,10.618,552685531.0,35204592550.0,30869406957.0,0.88,15089.02,309275.0,14096587705.0,119558191.0,55849664.0
168,facesim,simsmall,2627541110.0,3.29,59215058.0,11.193,529028073.0,34269295240.0,30364709097.0,0.89,14661.73,249778.0,13930946726.0,117353440.0,57966569.0
169,facesim,simmedium,2636003287.0,3.3,57751484.0,10.876,531016978.0,32930567984.0,30250721003.0,0.92,14036.32,212941.0,13873716283.0,113985512.0,58673441.0
170,facesim,simlarge,2633058504.0,3.31,55467477.0,10.585,524019486.0,31983335169.0,30244870434.0,0.95,13632.28,211561.0,13899078178.0,112924341.0,54058019.0
171,facesim,simsmall,2586831755.0,3.33,53329870.0,10.579,504131792.0,31520567218.0,30157169757.0,0.96,13431.3,209755.0,13824588926.0,111944084.0,52428163.0
172,facesim,simmedium,2639628252.0,3.28,56034847.0,10.925,512896037.0,31650305199.0,30448426707.0,0.96,13495.14,219514.0,14000652937.0,113574286.0,53232778.0
173,facesim,simlarge,2682452815.0,3.23,52335512.0,10.039,521346710.0,33090810039.0,30875566016.0,0.93,14119.33,349215.0,14089437645.0,116235480.0,51012080.0
174,facesim,simsmall,2577347385.0,3.36,53561702.0,10.626,504081896.0,31150427913.0,30109709107.0,0.97,13259.82,203861.0,13796202448.0,109694779.0,52906725.0
175,facesim,simmedium,2622026311.0,3.35,54553817.0,10.452,521961976.0,33957130322.0,30147760234.0,0.89,14472.25,217535.0,13827516402.0,114359811.0,53136076.0
176,facesim,simlarge,2579315051.0,3.33,51115425.0,10.246,498876559.0,30737798395.0,30129623066.0,0.98,13133.52,206313.0,13771507333.0,110168699.0,50846094.0
177,facesim,simsmall,2650984115.0,3.31,59651117.0,11.209,532191212.0,33726142026.0,30486435447.0,0.9,14385.55,267464.0,13926736935.0,119891978.0,58075425.0
178,facesim,simmedium,2571186812.0,3.35,49810531.0,9.975,499331622.0,32351846952.0,30135587685.0,0.93,13793.1,205017.0,13760818378.0,106849697.0,48768740.0
179,facesim,simlarge,2622093981.0,3.3,53953046.0,10.387,519410566.0,32078112132.0,30295124880.0,0.94,13700.77,252105.0,13902019276.0,112317051.0,52790755.0
180,fluidanimate,simsmall,592646671.0,4.3,17054877.0,21.537,79189915.0,6037441912.0,3155701977.0,0.52,2588.87,138766.0,1490502930.0,35815853.0,16736156.0
181,fluidanimate,simmedium,825979054.0,4.59,20773816.0,20.443,101618256.0,7931886622.0,5081510055.0,0.64,3419.93,141573.0,2202122980.0,35316509.0,21513600.0
182,fluidanimate,simlarge,1754919323.0,4.77,31821257.0,26.051,122150746.0,15265959216.0,11737705842.0,0.77,6547.71,147013.0,4768717998.0,37428689.0,31098802.0
183,fluidanimate,simsmall,576406063.0,4.47,17644803.0,21.518,82000517.0,6135508998.0,3206776889.0,0.52,2631.48,139945.0,1495414411.0,36019851.0,17810138.0
184,fluidanimate,simmedium,836838939.0,4.57,21183302.0,20.443,103621582.0,8131657395.0,5070190023.0,0.62,3484.98,142047.0,2218917355.0,37309932.0,20086313.0
185,fluidanimate,simlarge,1882747632.0,4.5,34080729.0,23.014,148087925.0,17299894196.0,12489216879.0,0.72,7428.19,351105.0,5130191909.0,45065420.0,32596875.0
186,fluidanimate,simsmall,573830794.0,4.5,17564200.0,21.303,82448534.0,6199619836.0,3233256930.0,0.52,2656.42,139665.0,1506290926.0,36813647.0,17665413.0
187,fluidanimate,simmedium,875995965.0,4.33,22297985.0,20.336,109645804.0,8804038701.0,5214000670.0,0.59,3776.4,180071.0,2287152241.0,39404752.0,21982984.0
188,fluidanimate,simlarge,1776408643.0,4.78,32825026.0,26.6,123401809.0,15675469841.0,11709407411.0,0.75,6683.24,147830.0,4792337922.0,39733343.0,32472269.0
189,fluidanimate,simsmall,584606573.0,4.33,17653983.0,21.619,81661035.0,6060638140.0,3244085357.0,0.54,2594.85,139672.0,1526373295.0,35521663.0,17329923.0
190,fluidanimate,simmedium,885944809.0,4.38,21915652.0,20.148,108772073.0,8586718471.0,5195783278.0,0.61,3664.13,179514.0,2307989291.0,39086246.0,21241104.0
191,fluidanimate,simlarge,1782432884.0,4.75,31451661.0,25.33,124166026.0,14813942282.0,11703345956.0,0.79,6318.8,147658.0,4829185093.0,36843242.0,30426589.0
192,fluidanimate,simsmall,599803195.0,4.35,17955099.0,21.525,83416510.0,6228130796.0,3251572912.0,0.52,2678.37,139941.0,1510964295.0,36056900.0,17083206.0
193,fluidanimate,simmedium,830368325.0,4.63,20329962.0,20.098,101156118.0,8061485592.0,5061297289.0,0.63,3467.73,142095.0,2177935561.0,36791756.0,20722106.0
194,fluidanimate,simlarge,1758132032.0,4.8,27791291.0,23.879,116385226.0,14918242286.0,11764430462.0,0.79,6370.07,146495.0,4765836358.0,38880735.0,27122959.0
195,fluidanimate,simsmall,573826155.0,4.53,18215298.0,22.534,80835204.0,6218037614.0,3260295039.0,0.52,2665.35,139397.0,1521793520.0,36278484.0,17698539.0
196,fluidanimate,simmedium,833085799.0,4.74,21292825.0,20.868,102035408.0,8249816393.0,4935830763.0,0.6,3548.4,142205.0,2169659453.0,38710013.0,20735041.0
197,fluidanimate,simlarge,1840303725.0,4.64,30163919.0,23.887,126279487.0,15945178567.0,12128567030.0,0.76,6806.9,321130.0,4986398820.0,40593056.0,28675433.0
198,fluidanimate,simsmall,587287972.0,4.5,18536456.0,22.076,83964752.0,6394725143.0,3264927561.0,0.51,2741.18,139872.0,1530167287.0,36994792.0,18076045.0
199,fluidanimate,simmedium,845794373.0,4.58,21365181.0,20.739,103021009.0,8232843048.0,5039013751.0,0.61,3539.82,142501.0,2209515065.0,38494458.0,21176392.0
200,fluidanimate,simlarge,1767129313.0,4.79,31529774.0,25.952,121492323.0,15128141101.0,11674927988.0,0.77,6452.19,147822.0,4782939154.0,38211503.0,31049605.0
201,fluidanimate,simsmall,584125883.0,4.42,16536937.0,20.159,82032666.0,5950891855.0,3224913582.0,0.54,2557.33,140005.0,1500901444.0,34790603.0,16138832.0
202,fluidanimate,simmedium,830857482.0,4.57,20146022.0,19.742,102044625.0,7825193162.0,5067760339.0,0.65,3340.02,141244.0,2194981251.0,35873929.0,19449014.0
203,fluidanimate,simlarge,1766789731.0,4.76,26899719.0,23.521,114363414.0,14983883161.0,11615287824.0,0.78,6390.96,147259.0,4742983144.0,38612731.0,26065333.0
204,fluidanimate,simsmall,607160614.0,4.26,17291225.0,21.107,81922449.0,6257959207.0,3366327106.0,0.54,2684.7,139857.0,1574455416.0,35856377.0,17701846.0
205,fluidanimate,simmedium,873913265.0,4.45,22657960.0,20.664,109649053.0,8723729187.0,5293368793.0,0.61,3721.62,180031.0,2317080593.0,40181371.0,21802999.0
206,fluidanimate,simlarge,1781662259.0,4.71,31427151.0,25.406,123697438.0,14914963155.0,11610970490.0,0.78,6376.05,147050.0,4771386638.0,38477581.0,31102131.0
207,fluidanimate,simsmall,641525206.0,4.06,16158785.0,19.291,83762772.0,6191828315.0,3487579522.0,0.56,2656.21,140469.0,1626307426.0,36455632.0,16397205.0
208,fluidanimate,simmedium,827522149.0,4.67,21220387.0,20.456,103734218.0,7963982319.0,5097323387.0,0.64,3407.26,141503.0,2228615695.0,37449301.0,21228928.0
209,fluidanimate,simlarge,1917784089.0,4.46,36025953.0,23.714,151918434.0,17677431669.0,12387429136.0,0.7,7592.73,321169.0,5127707353.0,45894168.0,35126143.0
210,fluidanimate,simsmall,596443636.0,4.29,17638368.0,21.857,80699001.0,5796266906.0,3207228946.0,0.55,2484.91,139939.0,1496353567.0,35812805.0,17399293.0
211,fluidanimate,simmedium,835151219.0,4.57,19613967.0,19.429,100953906.0,8278527535.0,5103636584.0,0.62,3543.13,141963.0,2216951880.0,36645785.0,19729337.0
212,fluidanimate,simlarge,1767965632.0,4.77,31915996.0,26.044,122544863.0,15754064309.0,11753124453.0,0.75,6726.52,146981.0,4793635608.0,39600159.0,32095386.0
213,fluidanimate,simsmall,600920866.0,4.35,17095971.0,20.494,83420451.0,5933477325.0,3268103581.0,0.55,2547.38,139969.0,1527929195.0,36573231.0,16258189.0
214,fluidanimate,simmedium,842019062.0,4.4,22226340.0,21.642,102698095.0,8209110833.0,5165366017.0,0.63,3516.16,141961.0,2261238080.0,36647307.0,21367843.0
215,fluidanimate,simlarge,1772316942.0,4.71,27204294.0,23.745,114568814.0,14931928586.0,11715344764.0,0.78,6368.62,145989.0,4770202166.0,38739526.0,27211376.0
216,fluidanimate,simsmall,591076173.0,4.38,17698504.0,20.827,84979497.0,6169422165.0,3260783705.0,0.53,2644.29,139933.0,1535748883.0,35876756.0,17033194.0
217,fluidanimate,simmedium,828902181.0,4.62,19838204.0,20.004,99173086.0,7875682632.0,5021435724.0,0.64,3369.69,142546.0,2186145234.0,36505016.0,19211060.0
218,fluidanimate,simlarge,1757160338.0,4.81,31953105.0,26.066,122586860.0,15720635305.0,11797818379.0,0.75,6709.58,147882.0,4815492228.0,40171278.0,31800383.0
219,fluidanimate,simsmall,579984907.0,4.38,17617233.0,21.369,82444420.0,6193829677.0,3243505855.0,0.52,2653.65,140387.0,1504628609.0,35896473.0,17395987.0
220,fluidanimate,simmedium,823740228.0,4.54,20463228.0,20.168,101461442.0,7974861511.0,5029573539.0,0.63,3407.16,141322.0,2208516354.0,35926833.0,20549441.0
221,fluidanimate,simlarge,1769490370.0,4.77,33155303.0,26.667,124330211.0,15823656844.0,11694377397.0,0.74,6804.39,147515.0,4772327286.0,39623449.0,32237652.0
222,fluidanimate,simsmall,581560800.0,4.34,17998497.0,22.337,80578443.0,5887019930.0,3277305752.0,0.56,2526.91,139919.0,1527502963.0,35157421.0,17431029.0
223,fluidanimate,simmedium,832852125.0,4.7,19714019.0,19.454,101338087.0,8024987564.0,5066407142.0,0.63,3436.89,141017.0,2214490744.0,36393298.0,19029744.0
224,fluidanimate,simlarge,1764342339.0,4.8,30814535.0,25.02,123162020.0,15336719951.0,11713691905.0,0.76,6556.11,147244.0,4795713759.0,38937331.0,30447875.0
225,freqmine,simsmall,860846920.0,4.18,18593253.0,18.937,98187027.0,7122472481.0,3919179534.0,0.55,3054.05,147773.0,1956018242.0,39685763.0,18346784.0
226,freqmine,simmedium,2047431054.0,4.68,21159448.0,15.49,136601962.0,13438746279.0,10712268917.0,0.8,5726.15,164867.0,5415848070.0,42539975.0,20710141.0
227,freqmine,simlarge,5924607571.0,4.7,29028541.0,9.738,298110633.0,35821920095.0,34702911354.0,0.97,15206.74,194176.0,18429092704.0,54674090.0,28580090.0
228,freqmine,simsmall,864802981.0,4.06,17857948.0,18.012,99141984.0,6734412768.0,3863468758.0,0.57,2880.47,149740.0,1949549237.0,36615981.0,17359739.0
229,freqmine,simmedium,2048281556.0,4.57,22603521.0,17.128,131964403.0,13051280597.0,10689334670.0,0.82,5569.89,164012.0,5397534649.0,38582531.0,21151774.0
230,freqmine,simlarge,5974649494.0,4.68,29801160.0,13.05,228363488.0,34945052323.0,35154176231.0,1.01,14848.69,193784.0,18553409211.0,49963472.0,28334384.0
231,freqmine,simsmall,875910093.0,4.08,18032749.0,18.462,97675423.0,6725271084.0,3926467721.0,0.58,2882.37,148404.0,1959849892.0,35946990.0,17564639.0
232,freqmine,simmedium,2048138366.0,4.56,22990735.0,17.341,132581338.0,13046959786.0,10772793649.0,0.83,5563.52,163959.0,5428535776.0,39082512.0,22471772.0
233,freqmine,simlarge,5906139151.0,4.72,28885345.0,13.035,221596940.0,34714696752.0,34846065798.0,1.0,14763.89,193990.0,18298149912.0,46726960.0,28206508.0
234,freqmine,simsmall,867054378.0,4.15,19131843.0,19.37,98768924.0,6708573331.0,3955136609.0,0.59,2881.84,148140.0,1978259829.0,37464716.0,18810047.0
235,freqmine,simmedium,2054913605.0,4.61,22062740.0,16.455,134077021.0,13029695604.0,10633485280.0,0.82,5559.59,163270.0,5358832302.0,39608742.0,21382268.0
236,freqmine,simlarge,5937828927.0,4.7,29469841.0,13.247,222472149.0,34390572187.0,34832236944.0,1.01,14597.24,192449.0,18294295880.0,49223008.0,28929971.0
237,freqmine,simsmall,859836364.0,4.09,18767450.0,19.172,97890606.0,6634018158.0,3931268951.0,0.59,2839.94,148690.0,1966023453.0,36820971.0,18035231.0
238,freqmine,simmedium,2058141497.0,4.61,20406207.0,15.343,133004382.0,12872985504.0,10672606148.0,0.83,5497.8,163596.0,5366572551.0,40500297.0,19834220.0
239,freqmine,simlarge,5924301676.0,4.7,31232931.0,13.98,223416962.0,34381922856.0,34878510819.0,1.01,14628.22,192852.0,18278404751.0,48195641.0,29982337.0
240,freqmine,simsmall,874651330.0,4.16,17512320.0,17.495,100099239.0,6701181041.0,3944431203.0,0.59,2874.36,149197.0,1973142832.0,37278487.0,17277460.0
241,freqmine,simmedium,2041645377.0,4.63,18406615.0,14.101,130532685.0,12700299571.0,10499768528.0,0.83,5423.89,163680.0,5296863657.0,39392504.0,18573616.0
242,freqmine,simlarge,5909695071.0,4.75,31705549.0,14.233,222763865.0,34441450367.0,34799278221.0,1.01,14654.42,192794.0,18253040835.0,49374229.0,30793107.0
243,freqmine,simsmall,854980078.0,4.3,17047131.0,17.306,98506711.0,6677835623.0,3970741248.0,0.59,2868.43,147869.0,1961123585.0,38275550.0,17316239.0
244,freqmine,simmedium,2054016209.0,4.71,21355200.0,15.473,138012204.0,13288158746.0,10724472112.0,0.81,5693.5,164167.0,5410461077.0,45823996.0,21308596.0
245,freqmine,simlarge,5945009844.0,4.76,29518399.0,12.762,231305748.0,34772164392.0,34779039713.0,1.0,14808.65,194318.0,18223607751.0,47280729.0,28997317.0
246,freqmine,simsmall,884925779.0,4.11,16344197.0,16.305,100238974.0,6584745501.0,4045513980.0,0.61,2820.15,149687.0,2010767760.0,36881717.0,15132129.0
247,freqmine,simmedium,2050543218.0,4.59,21710697.0,16.104,134818031.0,12843088513.0,10696622910.0,0.83,5487.28,163945.0,5381842023.0,39093820.0,20666455.0
248,freqmine,simlarge,5917185600.0,4.7,29348917.0,13.17,222846458.0,34590103791.0,35067090843.0,1.01,14750.29,193990.0,18415158921.0,50605121.0,28918028.0
249,freqmine,simsmall,884158099.0,3.99,17828964.0,18.111,98444538.0,6875553349.0,3973140363.0,0.58,2945.36,148595.0,1982573581.0,36184126.0,16827873.0
250,freqmine,simmedium,2048569727.0,4.56,20067892.0,14.637,137100061.0,13339126101.0,10750681932.0,0.81,5710.37,163374.0,5406936393.0,40968382.0,20675404.0
251,freqmine,simlarge,5943053590.0,4.72,31369534.0,13.839,226678394.0,35267041316.0,34954222069.0,0.99,15016.84,195570.0,18428488688.0,48339765.0,30065653.0
252,freqmine,simsmall,862735621.0,4.06,17501792.0,17.989,97290482.0,6596538415.0,3964709807.0,0.6,2828.49,149081.0,1975246559.0,36588413.0,17519127.0
253,freqmine,simmedium,2043700061.0,4.68,21663388.0,16.004,135362232.0,13122158426.0,10650655982.0,0.81,5604.28,165005.0,5379164574.0,42579067.0,21563697.0
254,freqmine,simlarge,5921065892.0,4.74,29017557.0,13.071,222007558.0,34619498674.0,34839472389.0,1.01,14858.37,195270.0,18231335268.0,49644915.0,29139129.0
255,freqmine,simsmall,861531280.0,4.03,17280859.0,17.586,98263191.0,6712060180.0,4024151230.0,0.6,2871.06,149576.0,2007242149.0,35449240.0,17162955.0
256,freqmine,simmedium,2052750438.0,4.56,23044257.0,17.489,131760611.0,13225291547.0,10700094964.0,0.81,5641.11,163737.0,5395866812.0,38352317.0,21959756.0
257,freqmine,simlarge,5918670815.0,4.78,28000202.0,11.894,235414455.0,34730010447.0,34703076590.0,1.0,14787.31,195843.0,18349538768.0,54221591.0,28850338.0
258,freqmine,simsmall,856839877.0,4.24,18959186.0,18.857,100543270.0,6833548250.0,4025365527.0,0.59,2927.97,149297.0,1989876747.0,38418921.0,18312106.0
259,freqmine,simmedium,2048667375.0,4.62,21773676.0,16.268,133844040.0,12997321325.0,10664402515.0,0.82,5547.22,163647.0,5386776119.0,40252536.0,21921606.0
260,freqmine,simlarge,5939329472.0,4.75,30163694.0,13.578,222144617.0,34440462298.0,34750499418.0,1.01,14654.69,190062.0,18293398203.0,49309412.0,29181664.0
261,freqmine,simsmall,859228890.0,4.14,18225865.0,18.705,97436043.0,6686770920.0,3932762433.0,0.59,2867.17,145991.0,1963384547.0,37187223.0,18319813.0
262,freqmine,simmedium,2028087541.0,4.6,22640481.0,17.569,128866223.0,13185589978.0,10659267580.0,0.81,5625.86,152158.0,5334907586.0,39457987.0,21940576.0
263,freqmine,simlarge,5903300331.0,4.74,31474322.0,14.258,220740900.0,34463198478.0,34851348937.0,1.01,14675.17,179406.0,18293756608.0,48251010.0,30330795.0
264,freqmine,simsmall,885874046.0,3.95,19236999.0,19.88,96764433.0,6574444580.0,3900890371.0,0.59,2827.94,142071.0,1947906143.0,36010632.0,18332690.0
265,freqmine,simmedium,2021525868.0,4.64,22056026.0,17.239,127939987.0,13034805591.0,10728935885.0,0.82,5570.06,152446.0,5374281996.0,39926153.0,22151561.0
266,freqmine,simlarge,5926275670.0,4.73,30886132.0,13.853,222954479.0,34376088846.0,34985632979.0,1.02,14628.54,177494.0,18382506437.0,46726025.0,29723136.0
267,freqmine,simsmall,861695464.0,4.04,19420451.0,20.434,95037618.0,6699506362.0,3938030315.0,0.59,2873.69,142023.0,1974920477.0,36874859.0,18307654.0
268,freqmine,simmedium,2035963953.0,4.66,22535393.0,17.408,129451275.0,12861286417.0,10736828524.0,0.83,5489.12,151976.0,5376946508.0,40591557.0,21421525.0
269,freqmine,simlarge,5918258377.0,4.75,31446593.0,14.393,218477781.0,34399973955.0,34707288615.0,1.01,14633.69,175893.0,18221500205.0,46136033.0,29624050.0
270,streamcluster,simsmall,482412503.0,3.17,15727641.0,16.625,94599986.0,5288817371.0,2954964426.0,0.56,2269.41,135354.0,1385707864.0,33860037.0,15245300.0
271,streamcluster,simmedium,667008520.0,2.58,33585475.0,20.177,166456282.0,9917011794.0,6134777033.0,0.62,4231.32,138165.0,2980090481.0,35946456.0,32564480.0
272,streamcluster,simlarge,1193192096.0,1.66,93828308.0,21.846,429497300.0,33779696078.0,21083079410.0,0.62,14365.38,140050.0,9753989006.0,39240129.0,92917976.0
273,streamcluster,simsmall,497054642.0,3.06,16124598.0,16.751,96260664.0,5418023058.0,2949039569.0,0.54,2322.43,136805.0,1382243352.0,34763801.0,15013836.0
274,streamcluster,simmedium,680236343.0,2.51,35100489.0,20.815,168631318.0,9640704299.0,6157105265.0,0.64,4133.89,138107.0,3008524088.0,35803321.0,34398993.0
275,streamcluster,simlarge,1200165003.0,1.6,87414440.0,20.639,423538950.0,30887687294.0,20947317206.0,0.68,13257.66,140137.0,9686375540.0,38427981.0,86434557.0
276,streamcluster,simsmall,485972365.0,3.16,16107052.0,17.206,93612648.0,5269035411.0,2970042727.0,0.56,2264.57,136811.0,1404612418.0,34649157.0,15855939.0
277,streamcluster,simmedium,686479984.0,2.42,35767554.0,21.565,165855658.0,10168653989.0,6236571272.0,0.61,4344.7,137715.0,3025847460.0,35911848.0,34854235.0
278,streamcluster,simlarge,1196705314.0,1.59,90802057.0,21.271,426879082.0,31758798167.0,20903010062.0,0.66,13546.04,140303.0,9712725954.0,39493355.0,89523444.0
279,streamcluster,simsmall,635584716.0,2.41,14788180.0,15.59,94858374.0,5674847919.0,3335594937.0,0.59,2449.84,136797.0,1601669270.0,33817941.0,14426273.0
280,streamcluster,simmedium,650328317.0,2.6,33604940.0,20.414,164613748.0,10007826152.0,6218511598.0,0.62,4279.24,138051.0,2991879812.0,36503954.0,32462421.0
281,streamcluster,simlarge,1207691059.0,1.65,92014224.0,21.492,428140893.0,32316097772.0,21028481561.0,0.65,13749.1,140005.0,9725181422.0,39876104.0,90260571.0
282,streamcluster,simsmall,483129607.0,3.21,16049584.0,16.758,95774276.0,5260739386.0,2963251344.0,0.56,2254.68,136502.0,1392730550.0,33640618.0,15569970.0
283,streamcluster,simmedium,685842670.0,2.54,32497427.0,19.903,163278154.0,10139059680.0,6218039607.0,0.61,4327.54,137865.0,2971995957.0,35997734.0,32103355.0
284,streamcluster,simlarge,1217276419.0,1.56,91825292.0,21.392,429251169.0,34277452581.0,21077817857.0,0.61,14627.72,141480.0,9743160722.0,39437111.0,90406236.0
285,streamcluster,simsmall,507554675.0,2.99,16179575.0,17.118,94516476.0,5335267399.0,2947034442.0,0.55,2291.16,136605.0,1387532835.0,35474484.0,15848637.0
286,streamcluster,simmedium,664513800.0,2.46,28176879.0,17.568,160383591.0,8988162633.0,6139501488.0,0.68,3839.26,137746.0,2978455295.0,34430965.0,27868807.0
287,streamcluster,simlarge,1245026681.0,1.54,91342478.0,21.259,429666293.0,34027252752.0,21184880979.0,0.62,14528.61,141224.0,9827700475.0,38144367.0,90527631.0
288,streamcluster,simsmall,493590295.0,3.1,17043346.0,17.534,97199324.0,5857342435.0,2900098743.0,0.5,2519.47,136493.0,1374429763.0,36240490.0,16706543.0
289,streamcluster,simmedium,643580113.0,2.58,36259537.0,21.517,168515376.0,10630870790.0,6109313796.0,0.57,4547.24,138009.0,2972452381.0,35818930.0,35543909.0
290,streamcluster,simlarge,1210623012.0,1.57,92005031.0,21.609,425769891.0,32350637536.0,21054598919.0,0.65,13903.68,139990.0,9765569805.0,38457860.0,91156737.0
291,streamcluster,simsmall,494837072.0,3.09,17588898.0,18.214,96569573.0,5906856333.0,2982653553.0,0.5,2536.68,136866.0,1405725234.0,34769772.0,16651609.0
292,streamcluster,simmedium,655075990.0,2.59,37000235.0,22.342,165609401.0,10571378539.0,6115670250.0,0.58,4527.15,137690.0,2975642006.0,37176954.0,36335343.0
293,streamcluster,simlarge,1197888372.0,1.65,92857539.0,21.665,428600284.0,34291272736.0,21058242272.0,0.61,14622.26,140711.0,9721699401.0,40809861.0,92317036.0
294,streamcluster,simsmall,521647892.0,2.95,16142613.0,16.959,95183644.0,5691135575.0,3201753627.0,0.56,2447.05,137112.0,1483966067.0,35112717.0,16120703.0
295,streamcluster,simmedium,647862424.0,2.65,37465649.0,22.23,168537431.0,10248520020.0,6147647044.0,0.6,4387.29,137860.0,3007839920.0,36481002.0,36674116.0
296,streamcluster,simlarge,1200315328.0,1.73,94057142.0,21.917,429147207.0,33733861476.0,21119053514.0,0.63,14360.09,140650.0,9771033474.0,39218623.0,93511557.0
297,streamcluster,simsmall,492636060.0,3.09,16603001.0,17.064,97299045.0,5734350109.0,2972569563.0,0.52,2476.14,137081.0,1403817126.0,35859969.0,16164769.0
298,streamcluster,simmedium,693336618.0,2.43,37343917.0,22.231,167979084.0,11017973342.0,6212598339.0,0.56,4705.41,137520.0,3031191818.0,35727204.0,36780569.0
299,streamcluster,simlarge,1224846901.0,1.53,91920823.0,21.446,428618154.0,31746328625.0,21027699138.0,0.66,13491.06,140475.0,9742453127.0,38315889.0,89678090.0
300,streamcluster,simsmall,511542796.0,3.01,16790470.0,17.247,97353717.0,5591716476.0,2940615521.0,0.53,2398.86,136817.0,1390935105.0,35519063.0,16231001.0
301,streamcluster,simmedium,655584834.0,2.6,38109797.0,22.691,167953625.0,10993062556.0,6122291616.0,0.56,4695.37,137852.0,2978143471.0,36768575.0,37215172.0
302,streamcluster,simlarge,1198106775.0,1.69,93840503.0,21.872,429050215.0,35115535640.0,21115582575.0,0.6,14971.73,141411.0,9730089503.0,39196698.0,91723682.0
303,streamcluster,simsmall,489198312.0,3.16,16466236.0,17.02,96745468.0,5572951051.0,2845399838.0,0.51,2392.79,136784.0,1353012974.0,35733100.0,15859969.0
304,streamcluster,simmedium,678634651.0,2.42,37703391.0,22.406,168274029.0,10703414967.0,6253530474.0,0.58,4569.37,137820.0,3041991690.0,35416981.0,36558954.0
305,streamcluster,simlarge,1185581580.0,1.72,91966482.0,21.475,428257825.0,32651565010.0,21044255389.0,0.64,13891.95,141700.0,9736771994.0,40704641.0,90185472.0
306,streamcluster,simsmall,487695713.0,3.17,15788930.0,16.445,96013154.0,5483793605.0,2991033191.0,0.55,2351.4,137032.0,1376161700.0,35653953.0,15497031.0
307,streamcluster,simmedium,640295542.0,2.63,36154041.0,21.908,165024847.0,10556015955.0,6164415814.0,0.58,4555.13,137811.0,2982921981.0,36595606.0,35467899.0
308,streamcluster,simlarge,1193943479.0,1.68,88170036.0,21.009,419678683.0,31270640323.0,21135145940.0,0.68,13318.24,137278.0,9765067319.0,38723975.0,87093026.0
309,streamcluster,simsmall,499214790.0,3.12,15800696.0,16.021,98625229.0,5623171868.0,2963918219.0,0.53,2429.17,136794.0,1396820083.0,35150454.0,15011541.0
310,streamcluster,simmedium,661736386.0,2.62,38258412.0,22.407,170743302.0,11604359691.0,6208242241.0,0.53,4968.31,137858.0,3010113976.0,37053306.0,37419573.0
311,streamcluster,simlarge,1211160048.0,1.58,92500457.0,21.641,427431745.0,32775423665.0,21105456577.0,0.64,13953.37,141610.0,9767867774.0,39985154.0,90883730.0
312,streamcluster,simsmall,578424456.0,2.76,16880062.0,17.248,97868199.0,6016276125.0,3160292651.0,0.53,2596.6,136479.0,1523604391.0,34721995.0,16430131.0
313,streamcluster,simmedium,647732233.0,2.58,35435639.0,20.99,168818349.0,10448700712.0,6148131911.0,0.59,4461.07,137821.0,2986513966.0,35063053.0,34932360.0
314,streamcluster,simlarge,1346714338.0,1.42,92280207.0,21.474,429719940.0,32610771605.0,21456548697.0,0.66,13881.0,140008.0,9985106352.0,37480872.0,90458878.0
315,swaptions,simsmall,631538150.0,3.25,16110126.0,16.523,97500002.0,6724890232.0,3634684463.0,0.54,2884.78,135686.0,1760340791.0,36508501.0,15377272.0
316,swaptions,simmedium,1376028500.0,2.76,16965517.0,10.607,159941636.0,13066557527.0,9198341347.0,0.7,5582.58,137238.0,4190799470.0,42696119.0,16825637.0
317,swaptions,simlarge,4368815928.0,2.45,19051836.0,4.627,411746961.0,37596730004.0,31045813933.0,0.83,16034.24,136922.0,13859919190.0,58199413.0,18282109.0
318,swaptions,simsmall,635298373.0,3.22,16578523.0,17.311,95769505.0,6440604484.0,3626239366.0,0.56,2758.4,136759.0,1737507537.0,35792603.0,16441868.0
319,swaptions,simmedium,1370460371.0,2.85,16654323.0,10.281,161987314.0,12883847478.0,9144547557.0,0.71,5550.52,137090.0,4162394222.0,40568785.0,16634861.0
320,swaptions,simlarge,4386629431.0,2.44,19945390.0,4.854,410912389.0,38146696714.0,31081559304.0,0.81,16254.36,137240.0,13958646847.0,58353459.0,19322684.0
321,swaptions,simsmall,626215636.0,3.5,15638581.0,15.657,99881232.0,6733952354.0,3676071699.0,0.55,2889.94,137006.0,1756630836.0,38159351.0,15330395.0
322,swaptions,simmedium,1470215202.0,2.58,15668717.0,9.733,160989107.0,12968643313.0,9326110099.0,0.72,5562.31,136968.0,4278252984.0,40343747.0,15932162.0
323,swaptions,simlarge,4359165248.0,2.44,17413290.0,4.261,408627849.0,37141669188.0,31106477171.0,0.84,15913.99,137549.0,13858569251.0,55741838.0,17388318.0
324,swaptions,simsmall,635576884.0,3.19,16239350.0,16.621,97702820.0,6681285390.0,3708598613.0,0.56,2868.58,136646.0,1770704221.0,35553277.0,15791372.0
325,swaptions,simmedium,1383252446.0,2.75,15023324.0,9.538,157507043.0,12507576989.0,9091449888.0,0.73,5371.39,136954.0,4127726060.0,39015737.0,14497866.0
326,swaptions,simlarge,4359832045.0,2.48,19386839.0,4.707,411869997.0,38642972929.0,31083894942.0,0.8,16444.63,137181.0,13848987566.0,58868339.0,18989466.0
327,swaptions,simsmall,620607853.0,3.34,15712344.0,16.235,96778069.0,6636797556.0,3716265109.0,0.56,2850.35,136437.0,1777650702.0,36291218.0,16104845.0
328,swaptions,simmedium,1376589049.0,2.71,16182645.0,10.055,160947332.0,12631658117.0,9137923593.0,0.72,5391.68,136972.0,4174059382.0,38947008.0,15687440.0
329,swaptions,simlarge,4345153652.0,2.47,18027235.0,4.328,416563267.0,37049869122.0,31179359407.0,0.84,15800.77,137387.0,13851307229.0,55848416.0,18266489.0
330,swaptions,simsmall,688695411.0,3.04,15767779.0,16.061,98176941.0,6748950289.0,3774902478.0,0.56,2905.39,137127.0,1803982305.0,36406915.0,15561062.0
331,swaptions,simmedium,1398853037.0,2.71,16560448.0,10.269,161272916.0,12800023080.0,9195468118.0,0.72,5470.54,136623.0,4197929041.0,40253746.0,16226729.0
332,swaptions,simlarge,4381276219.0,2.42,18594481.0,4.571,406817809.0,37207602015.0,31110135701.0,0.84,15912.66,137332.0,13862663213.0,56504240.0,17489839.0
333,swaptions,simsmall,656216278.0,3.16,13017314.0,13.569,95935754.0,6022617815.0,3684273439.0,0.61,2591.17,136861.0,1771812490.0,34512822.0,13182076.0
334,swaptions,simmedium,1400111276.0,2.72,14726681.0,9.088,162048364.0,12413986934.0,9296485286.0,0.75,5373.64,136958.0,4217148533.0,41091601.0,13908598.0
335,swaptions,simlarge,4369238121.0,2.43,16661374.0,4.071,409233347.0,36318015044.0,31134624739.0,0.86,15558.67,137148.0,13817908877.0,54866523.0,16776514.0
336,swaptions,simsmall,623576431.0,3.24,16413172.0,17.035,96350494.0,6527986417.0,3656819157.0,0.56,2801.32,136828.0,1750838703.0,35687739.0,15666397.0
337,swaptions,simmedium,1367198421.0,2.77,16285383.0,10.293,158211494.0,12625553403.0,9197938753.0,0.73,5398.05,137071.0,4199610742.0,39396649.0,15748190.0
338,swaptions,simlarge,4369841401.0,2.43,19097474.0,4.646,411036778.0,37221974596.0,31111476815.0,0.84,15889.59,137392.0,13868302916.0,56292766.0,18305921.0
339,swaptions,simsmall,640796523.0,3.26,16374497.0,16.876,97026058.0,6572474740.0,3650834873.0,0.56,2819.04,136873.0,1744261230.0,35748740.0,15546433.0
340,swaptions,simmedium,1386297648.0,2.73,16602339.0,10.381,159933879.0,12736744429.0,9205008728.0,0.72,5452.74,136599.0,4197187314.0,40263347.0,16558106.0
341,swaptions,simlarge,4380516103.0,2.42,20220010.0,4.94,409338539.0,37420383191.0,31163198893.0,0.83,15948.0,136903.0,13897901621.0,56510140.0,18532053.0
342,swaptions,simsmall,624760387.0,3.35,16035801.0,16.662,96243871.0,6549844990.0,3636609319.0,0.56,2814.17,136987.0,1748142950.0,37393537.0,15586355.0
343,swaptions,simmedium,1377444979.0,2.71,17051902.0,10.685,159586984.0,12719502234.0,9138287594.0,0.72,5433.51,136896.0,4190956589.0,39844371.0,15655039.0
344,swaptions,simlarge,4354553270.0,2.47,18809925.0,4.658,403845362.0,37065443411.0,31074149551.0,0.84,15777.13,136662.0,13833680259.0,55781339.0,18486769.0
345,swaptions,simsmall,637083535.0,3.22,16472489.0,16.895,97498232.0,6600213103.0,3676517889.0,0.56,2829.03,136783.0,1762491991.0,36164289.0,15502716.0
346,swaptions,simmedium,1409292892.0,2.68,16221691.0,10.191,159172083.0,12792688775.0,9106251306.0,0.71,5463.94,136971.0,4176824844.0,41250889.0,15902476.0
347,swaptions,simlarge,4358884995.0,2.46,19724672.0,4.786,412103750.0,37605363810.0,31125716311.0,0.83,16081.64,137248.0,13879634228.0,60031824.0,18641427.0
348,swaptions,simsmall,632101418.0,3.22,16260263.0,16.669,97546465.0,6763687937.0,3605276102.0,0.53,2905.33,136675.0,1727859373.0,35298404.0,15293073.0
349,swaptions,simmedium,1381073625.0,2.77,17028681.0,10.496,162241151.0,12963733668.0,9280690600.0,0.72,5542.87,136958.0,4228750270.0,40418626.0,16492012.0
350,swaptions,simlarge,4363688231.0,2.49,19401291.0,4.7,412835622.0,38062223724.0,31135559827.0,0.82,16267.35,137110.0,13879866649.0,59179069.0,18463032.0
351,swaptions,simsmall,629156311.0,3.22,15166634.0,15.552,97522511.0,6438449840.0,3537027370.0,0.55,2766.12,136734.0,1719087973.0,34434715.0,14386320.0
352,swaptions,simmedium,1382200266.0,2.72,14874169.0,9.3,159937690.0,12657738848.0,9125122176.0,0.72,5414.3,136945.0,4159814650.0,40133651.0,14600510.0
353,swaptions,simlarge,4364242828.0,2.44,17433564.0,4.237,411419862.0,37007256199.0,31025592845.0,0.84,15805.52,137437.0,13836098207.0,58653877.0,16975141.0
354,swaptions,simsmall,635087976.0,3.23,15733518.0,16.192,97166427.0,6530542203.0,3589652666.0,0.55,2804.02,136771.0,1739178618.0,35488774.0,14487472.0
355,swaptions,simmedium,1377826329.0,2.76,17039051.0,10.688,159421156.0,13058292317.0,9266473803.0,0.71,5580.92,137012.0,4197573002.0,41857130.0,17237752.0
356,swaptions,simlarge,4375805306.0,2.43,19535937.0,4.778,408857409.0,37604985019.0,31345274609.0,0.83,16059.48,137451.0,13937513022.0,55625935.0,18136513.0
357,swaptions,simsmall,631134862.0,3.41,15377108.0,15.762,97560899.0,6687731825.0,3636197567.0,0.54,2870.01,136657.0,1746148001.0,38493425.0,15165746.0
358,swaptions,simmedium,1362861490.0,2.8,17122057.0,10.743,159373203.0,12725018834.0,9211757369.0,0.72,5432.9,136986.0,4191207295.0,38896961.0,15798597.0
359,swaptions,simlarge,4344704841.0,2.46,18497624.0,4.529,408402159.0,37396171429.0,31095327042.0,0.83,15958.98,137304.0,13830552805.0,56606039.0,18595515.0
360,vips,simsmall,815367520.0,1.99,18807364.0,17.873,105229776.0,7695783576.0,5599927047.0,0.73,3335.0,140533.0,1980668689.0,35170200.0,18284508.0
361,vips,simmedium,1728558521.0,1.18,25753194.0,15.329,168002133.0,14265929106.0,14145212262.0,0.99,6111.42,147069.0,4169216117.0,41744037.0,24746301.0
362,vips,simlarge,4032690615.0,0.69,36685120.0,12.612,290869066.0,29574207229.0,35002891305.0,1.18,12708.78,161123.0,9624329200.0,50570964.0,36227923.0
363,vips,simsmall,818562915.0,2.03,18119618.0,17.289,104803295.0,7365842635.0,5789596263.0,0.79,3175.98,141874.0,2006676309.0,35053712.0,16875151.0
364,vips,simmedium,1732783298.0,1.18,24909964.0,14.748,168898998.0,14019120106.0,13725076079.0,0.98,6005.49,147264.0,4090433733.0,41955138.0,24117314.0
365,vips,simlarge,4058575659.0,0.69,38937773.0,13.207,294826693.0,29947313602.0,34814488726.0,1.16,12814.0,161228.0,9588202411.0,53005808.0,37662208.0
366,vips,simsmall,831368323.0,2.02,18614971.0,17.622,105632184.0,7556854809.0,5704362058.0,0.75,3252.41,141803.0,2004138198.0,36375864.0,17485725.0
367,vips,simmedium,1678958670.0,1.21,26426723.0,15.746,167830612.0,14262936927.0,13815461339.0,0.97,6114.89,147120.0,4086206442.0,41480893.0,25675235.0
368,vips,simlarge,4031650272.0,0.71,39311284.0,13.4,293365199.0,30791148115.0,34835663445.0,1.13,13189.06,161276.0,9655154628.0,55666996.0,38347379.0
369,vips,simsmall,824541834.0,1.97,16935141.0,16.132,104976980.0,7220283590.0,5683968539.0,0.79,3096.36,141798.0,1979379122.0,36117355.0,15977680.0
370,vips,simmedium,1695918295.0,1.16,25756389.0,15.277,168596927.0,14155625221.0,13774201785.0,0.97,6064.06,147157.0,4093982999.0,40951898.0,24718048.0
371,vips,simlarge,4035180025.0,0.71,38808693.0,13.152,295071401.0,29927352667.0,35137920304.0,1.17,12793.68,162255.0,9657624205.0,50824313.0,35892745.0
372,vips,simsmall,815879623.0,2.0,19160641.0,17.958,106695099.0,7793464887.0,5867990720.0,0.75,3332.4,141618.0,2046785360.0,36329563.0,18554191.0
373,vips,simmedium,1679885870.0,1.2,26720173.0,15.776,169371636.0,14178984901.0,13783343521.0,0.97,6058.99,146979.0,4084614866.0,42516104.0,26313338.0
374,vips,simlarge,4038643302.0,0.73,38653512.0,13.174,293411971.0,30117360326.0,34899913795.0,1.16,12872.88,160899.0,9656078912.0,54349443.0,37528942.0
375,vips,simsmall,809302768.0,2.08,18703036.0,17.785,105162147.0,7524733969.0,5644227785.0,0.75,3236.38,141519.0,1987838597.0,37124037.0,18640615.0
376,vips,simmedium,1682993838.0,1.21,23923676.0,14.36,166602875.0,14119467506.0,13804976396.0,0.98,6047.74,147320.0,4080137915.0,41386873.0,23869647.0
377,vips,simlarge,4037060003.0,0.7,35861704.0,12.137,295464292.0,29403008593.0,34968977800.0,1.19,12593.51,160650.0,9648398333.0,54419355.0,34214306.0
378,vips,simsmall,802853166.0,2.08,19336390.0,18.38,105204886.0,7570615151.0,5740704537.0,0.76,3258.22,141538.0,1999335517.0,36113429.0,18676051.0
379,vips,simmedium,1691313629.0,1.21,25128612.0,14.882,168857897.0,13945193349.0,13847480942.0,0.99,5949.65,147078.0,4108379223.0,41075739.0,23900828.0
380,vips,simlarge,4029298356.0,0.71,39475801.0,13.529,291779144.0,30369067641.0,35084010036.0,1.16,12969.72,160900.0,9631068679.0,52567859.0,38359110.0
381,vips,simsmall,823691760.0,1.98,19496628.0,18.568,105001429.0,7696218917.0,5658314023.0,0.74,3307.01,141653.0,2003255969.0,37030922.0,18421761.0
382,vips,simmedium,1731589238.0,1.18,26765745.0,15.819,169195997.0,14356754866.0,14082621122.0,0.98,6160.89,147114.0,4173284921.0,41938210.0,25341768.0
383,vips,simlarge,4049114101.0,0.7,39916808.0,13.657,292273904.0,30071995156.0,34912088856.0,1.16,12854.21,161141.0,9610066699.0,53517404.0,38430967.0
384,vips,simsmall,813302783.0,2.05,18853170.0,17.732,106320455.0,7726180081.0,5628283470.0,0.73,3316.62,141669.0,1956129909.0,36794811.0,18225170.0
385,vips,simmedium,1694368689.0,1.25,25787616.0,15.202,169637843.0,14350225957.0,13825527220.0,0.96,6143.16,147077.0,4112556298.0,45232979.0,25029273.0
386,vips,simlarge,4053949984.0,0.71,38514097.0,12.886,298876982.0,30080298622.0,34863131605.0,1.16,12881.88,162013.0,9618658420.0,54686657.0,36850567.0
387,vips,simsmall,819961426.0,2.03,18341237.0,17.141,106999489.0,7601714958.0,5696133355.0,0.75,3285.18,141916.0,1987777262.0,36994658.0,17596130.0
388,vips,simmedium,1696818006.0,1.18,26543287.0,15.689,169178823.0,14237988066.0,13874698537.0,0.97,6086.2,147077.0,4120159862.0,41136803.0,24992825.0
389,vips,simlarge,4039730990.0,0.71,39010270.0,13.197,295591256.0,30283082348.0,34852675280.0,1.15,12914.07,162117.0,9593636772.0,52847307.0,37738218.0
390,vips,simsmall,837344618.0,1.96,19626841.0,18.393,106710620.0,7885463186.0,5732598653.0,0.73,3390.85,141694.0,2006543785.0,38613617.0,18789285.0
391,vips,simmedium,1698215150.0,1.18,26593647.0,15.576,170739833.0,14276534527.0,13764406586.0,0.96,6137.92,147436.0,4125215602.0,43012691.0,25612796.0
392,vips,simlarge,4032107839.0,0.71,39195476.0,13.397,292578613.0,30029596173.0,34935211996.0,1.16,12826.69,162406.0,9640873777.0,54694253.0,37605314.0
393,vips,simsmall,824605556.0,1.97,18362949.0,17.461,105164931.0,7545703115.0,5597891624.0,0.74,3253.78,141864.0,1993672933.0,36723436.0,18218373.0
394,vips,simmedium,1704582163.0,1.19,27579405.0,16.319,168997104.0,14541103860.0,13832442077.0,0.95,6217.64,146996.0,4096135036.0,42028076.0,26155562.0
395,vips,simlarge,4036307091.0,0.7,40366418.0,13.715,294326598.0,30857140650.0,34882108522.0,1.13,13194.58,162368.0,9651413364.0,54409968.0,39549236.0
396,vips,simsmall,817072326.0,2.02,19321875.0,18.347,105311783.0,7676748766.0,5659193545.0,0.74,3291.63,141748.0,1987676553.0,36911149.0,18508449.0
397,vips,simmedium,1703602659.0,1.19,25258384.0,14.971,168710234.0,14063842010.0,13752571053.0,0.98,6032.82,147129.0,4091176667.0,40673537.0,24542705.0
398,vips,simlarge,4051843948.0,0.7,38341536.0,13.062,293541654.0,30274483175.0,34701716524.0,1.15,12929.08,162415.0,9582411347.0,55399285.0,37657558.0
399,vips,simsmall,810510415.0,2.03,19866768.0,18.608,106766416.0,7855394901.0,5727557616.0,0.73,3379.11,141932.0,2000528479.0,38278659.0,19361852.0
400,vips,simmedium,1695311701.0,1.22,26270091.0,15.437,170177265.0,14425571165.0,13838927834.0,0.96,6149.51,147111.0,4102728700.0,43678914.0,25113081.0
401,vips,simlarge,4062958851.0,0.72,37274366.0,12.621,295327217.0,30718730150.0,35065773612.0,1.14,13095.64,162152.0,9628075988.0,54727076.0,35907597.0
402,vips,simsmall,806104957.0,2.06,19008295.0,17.996,105624531.0,7619633349.0,5643380805.0,0.74,3261.35,141636.0,1975751702.0,37678635.0,19137225.0
403,vips,simmedium,1746090071.0,1.16,25324453.0,15.189,166728932.0,14424060915.0,13786810110.0,0.96,6160.21,146995.0,4135078073.0,41400416.0,24426478.0
404,vips,simlarge,4054101860.0,0.73,38909793.0,13.209,294578830.0,31106297240.0,35084450176.0,1.13,13265.61,162246.0,9650702802.0,53060900.0,36896871.0
405,x264,simsmall,418058153.0,4.29,16671038.0,18.259,91305316.0,5170041238.0,2413504652.0,0.47,2223.7,138595.0,1209954249.0,38363647.0,16903605.0
406,x264,simmedium,646775813.0,5.11,21819505.0,13.077,166847960.0,8495028723.0,5739927375.0,0.68,3636.14,139773.0,2774797282.0,59152114.0,20561986.0
407,x264,simlarge,1197236000.0,5.74,37739953.0,10.087,374145023.0,17199376335.0,14774925544.0,0.86,7340.02,144807.0,6802624465.0,116420973.0,37200932.0
408,x264,simsmall,415498447.0,4.28,14666773.0,16.167,90722864.0,4815525753.0,2521815581.0,0.52,2062.76,140007.0,1251168552.0,37849546.0,13953319.0
409,x264,simmedium,651405710.0,5.08,17933353.0,10.687,167807662.0,7661685367.0,5656571384.0,0.74,3279.22,139902.0,2730811135.0,55718629.0,17179105.0
410,x264,simlarge,1253705020.0,5.89,35436762.0,9.309,380672970.0,17322259631.0,15392532046.0,0.89,7386.89,144556.0,7026856231.0,112776353.0,34414467.0
411,x264,simsmall,413149066.0,4.3,14564908.0,16.283,89446445.0,4474437825.0,2444714032.0,0.55,1930.03,139492.0,1206822979.0,35999429.0,13787883.0
412,x264,simmedium,662338102.0,5.29,19445529.0,11.707,166096939.0,8399826337.0,6126925004.0,0.73,3595.37,139983.0,2911016252.0,60135717.0,19823247.0
413,x264,simlarge,1193076266.0,5.83,29858926.0,8.062,370353642.0,15938206914.0,14917880988.0,0.94,6793.71,144716.0,6861080329.0,107434566.0,29170531.0
414,x264,simsmall,434016090.0,4.07,15679646.0,17.386,90188016.0,4905780551.0,2443003614.0,0.5,2109.98,139819.0,1206252591.0,38046169.0,15521862.0
415,x264,simmedium,630489803.0,5.28,20947340.0,12.88,162639549.0,8246789296.0,5807019306.0,0.7,3534.61,140077.0,2768142148.0,58205731.0,21194830.0
416,x264,simlarge,1207363734.0,5.69,34867502.0,9.304,374762742.0,16754084199.0,14746289746.0,0.88,7143.49,144911.0,6800746607.0,112864257.0,34559188.0
417,x264,simsmall,445456855.0,4.64,17559327.0,18.849,93159192.0,5650340468.0,2839446856.0,0.5,2419.72,139874.0,1378269062.0,40228251.0,16650237.0
418,x264,simmedium,644216462.0,5.39,20662911.0,12.376,166963116.0,8245015738.0,6065432302.0,0.74,3522.7,139845.0,2881305560.0,56384093.0,20147082.0
419,x264,simlarge,1256011446.0,5.87,33551681.0,8.816,380596211.0,17392960455.0,15335162020.0,0.88,7415.34,144877.0,7054781815.0,112337556.0,31894457.0
420,x264,simsmall,444193743.0,3.8,13580731.0,14.885,91235769.0,4463174377.0,2464012357.0,0.55,1917.72,139910.0,1229059212.0,33800294.0,13787071.0
421,x264,simmedium,649002142.0,5.13,20312676.0,12.305,165078724.0,8172219850.0,5805338432.0,0.71,3497.43,139919.0,2822081816.0,58327279.0,20269021.0
422,x264,simlarge,1233812952.0,5.99,37919122.0,9.941,381431273.0,17529301119.0,15539215222.0,0.89,7480.25,144848.0,7094688056.0,118384291.0,37866677.0
423,x264,simsmall,451745664.0,4.18,13386798.0,14.804,90424342.0,4709279458.0,2685275535.0,0.57,2021.88,139915.0,1325680505.0,36791706.0,13344068.0
424,x264,simmedium,629816677.0,5.32,19851791.0,11.942,166230824.0,7956064355.0,5768082073.0,0.72,3406.09,139840.0,2770519394.0,58726802.0,19839621.0
425,x264,simlarge,1295169388.0,5.89,35021627.0,9.218,379910865.0,17393539785.0,15666144996.0,0.9,7423.0,144511.0,7203637479.0,116743590.0,34365255.0
426,x264,simsmall,418163993.0,4.27,16564754.0,18.567,89217899.0,5047307315.0,2542038658.0,0.5,2167.65,140090.0,1264254510.0,39678191.0,16316089.0
427,x264,simmedium,646915132.0,5.14,21641317.0,12.86,168282258.0,8488337767.0,5827538781.0,0.69,3632.35,139867.0,2805200213.0,61049225.0,21364742.0
428,x264,simlarge,1209878265.0,5.77,34214497.0,9.077,376954815.0,16860841469.0,14839639049.0,0.88,7182.38,144854.0,6837934917.0,112763269.0,33517408.0
429,x264,simsmall,426016271.0,4.26,16312574.0,17.931,90971885.0,5075900710.0,2462307125.0,0.49,2174.14,139816.0,1212483509.0,37662196.0,15473716.0
430,x264,simmedium,660974234.0,5.03,22803835.0,13.712,166302170.0,8545247129.0,5783275591.0,0.68,3658.22,139861.0,2789363780.0,61200009.0,21826708.0
431,x264,simlarge,1266522330.0,5.98,32293906.0,8.548,377800902.0,16757974029.0,15712767315.0,0.94,7132.76,145017.0,7158182358.0,120381955.0,31453732.0
432,x264,simsmall,427409935.0,4.3,11074460.0,11.85,93456170.0,4532147219.0,2434531767.0,0.54,1955.12,139786.0,1215164630.0,38326965.0,10948707.0
433,x264,simmedium,659303698.0,5.05,20175111.0,12.298,164051562.0,8126025700.0,5746761124.0,0.71,3478.42,139519.0,2790490525.0,59486090.0,19550074.0
434,x264,simlarge,1240766635.0,5.93,37871240.0,10.026,377731448.0,17607898058.0,15238307829.0,0.87,7520.3,144918.0,7047579197.0,122819268.0,37335636.0
435,x264,simsmall,430940172.0,4.12,15423552.0,16.912,91201026.0,4964091111.0,2449801425.0,0.49,2134.22,139985.0,1203664617.0,38340339.0,15174144.0
436,x264,simmedium,631183980.0,5.22,22223479.0,13.624,163116649.0,8357418210.0,5743395502.0,0.69,3576.57,139466.0,2773128149.0,59949733.0,21170528.0
437,x264,simlarge,1237207038.0,5.87,39689397.0,10.605,374251330.0,17847160438.0,15313107722.0,0.86,7615.31,144953.0,7019375180.0,121940349.0,38678653.0
438,x264,simsmall,417588468.0,4.26,16787054.0,18.019,93160527.0,5224552314.0,2489035401.0,0.48,2240.02,139760.0,1231126771.0,38563974.0,16679644.0
439,x264,simmedium,683001414.0,4.81,22847471.0,13.684,166962139.0,8494824774.0,5900869530.0,0.69,3642.49,139816.0,2841959849.0,58139668.0,21815170.0
440,x264,simlarge,1214718793.0,5.79,36817737.0,9.837,374278447.0,17494767005.0,15030912194.0,0.86,7471.48,144826.0,6928401600.0,117445778.0,36057115.0
441,x264,simsmall,472081159.0,4.33,17463514.0,18.385,94988212.0,5647602287.0,2795714097.0,0.5,2418.92,139863.0,1355624651.0,40054128.0,17284587.0
442,x264,simmedium,637487911.0,5.22,23341402.0,13.398,174213591.0,8713603759.0,5755860874.0,0.66,3736.06,139889.0,2811061873.0,62490521.0,23141016.0
443,x264,simlarge,1220257225.0,5.9,38517052.0,10.241,376106095.0,17648232442.0,15063167644.0,0.85,7543.97,144597.0,6949971360.0,120507099.0,37015868.0
444,x264,simsmall,432335146.0,4.13,17078135.0,18.633,91657517.0,5207139550.0,2505467847.0,0.48,2234.35,139236.0,1239420417.0,38795066.0,16262926.0
445,x264,simmedium,670149198.0,4.95,21598395.0,13.003,166104349.0,8452035029.0,5700487399.0,0.67,3619.85,139570.0,2769911078.0,59299951.0,20582071.0
446,x264,simlarge,1202309583.0,5.69,37861087.0,10.168,372360044.0,17300813771.0,14954069873.0,0.86,7399.65,144666.0,6888026543.0,118133315.0,36980882.0
447,x264,simsmall,465059775.0,4.12,17736201.0,19.187,92440248.0,5450993175.0,2699940821.0,0.5,2344.11,139971.0,1316730233.0,39153027.0,17083446.0
448,x264,simmedium,661997399.0,5.31,22685052.0,13.531,167648170.0,8746490137.0,6068091651.0,0.69,3752.64,139822.0,2890199513.0,59799602.0,22122656.0
449,x264,simlarge,1252159461.0,5.97,37479179.0,9.853,380364585.0,18215657540.0,15523414081.0,0.85,7787.55,144832.0,7096233158.0,118711424.0,37371747.0
